date,customer_id,city,category,product,unit_price,quantity,sales_amount,used_discount,discount_amount,final_sales
2023-01-01,32,Riyadh,coffee beans,Colombian,40,14,560,False,0,560
2023-01-02,60,Medina,coffee beans,Costa Rica,35,44,1540,False,0,1540
2023-01-03,80,Dammam,coffee beans,Brazilian,30,33,990,True,198,792
2023-01-04,45,Dammam,coffee beans,Guatemala,35,35,1225,True,245,980
2023-01-05,4,Mecca,coffee beans,Brazilian,30,48,1440,False,0,1440
2023-01-06,59,Buraidah,coffee beans,Brazilian,30,41,1230,False,0,1230
2023-01-07,28,Mecca,coffee beans,Costa Rica,35,22,770,True,154,616
2023-01-08,47,Hail,coffee beans,Colombian,40,31,1240,True,248,992
2023-01-09,66,Mecca,coffee beans,Colombian,40,49,1960,False,0,1960
2023-01-10,67,Tabuk,coffee beans,Costa Rica,35,17,595,True,119,476
2023-01-11,86,Tabuk,coffee beans,Costa Rica,35,31,1085,False,0,1085
2023-01-12,30,Jeddah,coffee beans,Costa Rica,35,41,1435,True,287,1148
2023-01-13,71,Dammam,coffee beans,Costa Rica,35,47,1645,False,0,1645
2023-01-14,50,Jeddah,coffee beans,Costa Rica,35,47,1645,False,0,1645
2023-01-15,62,Mecca,coffee beans,Brazilian,30,2,60,False,0,60
2023-01-16,36,Jeddah,coffee beans,Ethiopian,45,49,2205,True,441,1764
2023-01-17,61,Khobar,coffee beans,Colombian,40,4,160,True,32,128
2023-01-18,58,Dammam,coffee beans,Colombian,40,45,1800,False,0,1800
2023-01-19,3,Jeddah,coffee beans,Ethiopian,45,48,2160,False,0,2160
2023-01-20,2,Riyadh,coffee beans,Ethiopian,45,18,810,True,162,648
2023-01-21,99,Mecca,coffee beans,Ethiopian,45,41,1845,False,0,1845
2023-01-22,98,Hail,coffee beans,Brazilian,30,7,210,False,0,210
2023-01-23,84,Medina,coffee beans,Brazilian,30,48,1440,False,0,1440
2023-01-24,96,Hail,coffee beans,Colombian,40,21,840,False,0,840
2023-01-25,37,Tabuk,coffee beans,Brazilian,30,2,60,True,12,48
2023-01-26,27,Tabuk,coffee beans,Costa Rica,35,18,630,False,0,630
2023-01-27,44,Medina,coffee beans,Costa Rica,35,42,1470,False,0,1470
2023-01-28,32,Medina,coffee beans,Costa Rica,35,29,1015,False,0,1015
2023-01-29,39,Jeddah,coffee beans,Guatemala,35,11,385,True,77,308
2023-01-30,47,Khobar,coffee beans,Guatemala,35,5,175,False,0,175
2023-01-31,12,Tabuk,coffee beans,Costa Rica,35,3,105,False,0,105
2023-02-01,49,Abha,coffee beans,Costa Rica,35,17,595,False,0,595
2023-02-02,86,Riyadh,coffee beans,Ethiopian,45,18,810,True,162,648
2023-02-03,13,Khobar,coffee beans,Guatemala,35,29,1015,False,0,1015
2023-02-04,81,Mecca,coffee beans,Brazilian,30,46,1380,False,0,1380
2023-02-05,5,Medina,coffee beans,Costa Rica,35,2,70,False,0,70
2023-02-06,25,Khobar,coffee beans,Guatemala,35,15,525,True,105,420
2023-02-07,79,Khobar,coffee beans,Brazilian,30,19,570,False,0,570
2023-02-08,61,Abha,coffee beans,Costa Rica,35,41,1435,False,0,1435
2023-02-09,60,Dammam,coffee beans,Brazilian,30,42,1260,False,0,1260
2023-02-10,31,Mecca,coffee beans,Colombian,40,3,120,False,0,120
2023-02-11,15,Hail,coffee beans,Guatemala,35,14,490,True,98,392
2023-02-12,44,Tabuk,coffee beans,Costa Rica,35,9,315,False,0,315
2023-02-13,91,Riyadh,coffee beans,Colombian,40,34,1360,False,0,1360
2023-02-14,44,Mecca,coffee beans,Colombian,40,10,400,True,80,320
2023-02-15,17,Abha,coffee beans,Brazilian,30,48,1440,False,0,1440
2023-02-16,29,Jeddah,coffee beans,Colombian,40,17,680,True,136,544
2023-02-17,45,Jeddah,coffee beans,Guatemala,35,46,1610,False,0,1610
2023-02-18,43,Mecca,coffee beans,Costa Rica,35,13,455,False,0,455
2023-02-19,38,Hail,coffee beans,Brazilian,30,19,570,True,114,456
2023-02-20,61,Tabuk,coffee beans,Colombian,40,36,1440,True,288,1152
2023-02-21,97,Dammam,coffee beans,Guatemala,35,36,1260,True,252,1008
2023-02-22,96,Khobar,coffee beans,Ethiopian,45,15,675,True,135,540
2023-02-23,94,Dammam,coffee beans,Guatemala,35,2,70,True,14,56
2023-02-24,77,Tabuk,coffee beans,Colombian,40,31,1240,True,248,992
2023-02-25,27,Buraidah,coffee beans,Brazilian,30,33,990,True,198,792
2023-02-26,94,Medina,coffee beans,Colombian,40,27,1080,False,0,1080
2023-02-27,21,Mecca,coffee beans,Ethiopian,45,23,1035,True,207,828
2023-02-28,99,Abha,coffee beans,Ethiopian,45,6,270,True,54,216
2023-03-01,75,Tabuk,coffee beans,Costa Rica,35,19,665,False,0,665
2023-03-02,69,Hail,coffee beans,Colombian,40,24,960,False,0,960
2023-03-03,13,Jeddah,coffee beans,Colombian,40,17,680,False,0,680
2023-03-04,64,Tabuk,coffee beans,Costa Rica,35,27,945,True,189,756
2023-03-05,15,Dammam,coffee beans,Costa Rica,35,19,665,False,0,665
2023-03-06,67,Mecca,coffee beans,Guatemala,35,24,840,False,0,840
2023-03-07,72,Dammam,coffee beans,Guatemala,35,27,945,True,189,756
2023-03-08,4,Hail,coffee beans,Colombian,40,22,880,True,176,704
2023-03-09,5,Hail,coffee beans,Ethiopian,45,33,1485,False,0,1485
2023-03-10,36,Medina,coffee beans,Costa Rica,35,33,1155,True,231,924
2023-03-11,31,Mecca,coffee beans,Ethiopian,45,9,405,False,0,405
2023-03-12,5,Khobar,coffee beans,Colombian,40,24,960,True,192,768
2023-03-13,51,Abha,coffee beans,Ethiopian,45,20,900,False,0,900
2023-03-14,76,Medina,coffee beans,Ethiopian,45,38,1710,False,0,1710
2023-03-15,77,Dammam,coffee beans,Costa Rica,35,46,1610,False,0,1610
2023-03-16,50,Medina,coffee beans,Brazilian,30,3,90,False,0,90
2023-03-17,57,Hail,coffee beans,Brazilian,30,42,1260,True,252,1008
2023-03-18,45,Medina,coffee beans,Colombian,40,46,1840,True,368,1472
2023-03-19,66,Jeddah,coffee beans,Colombian,40,25,1000,True,200,800
2023-03-20,53,Dammam,coffee beans,Guatemala,35,36,1260,True,252,1008
2023-03-21,60,Tabuk,coffee beans,Colombian,40,28,1120,False,0,1120
2023-03-22,24,Dammam,coffee beans,Costa Rica,35,48,1680,True,336,1344
2023-03-23,16,Medina,coffee beans,Guatemala,35,47,1645,True,329,1316
2023-03-24,68,Riyadh,coffee beans,Ethiopian,45,40,1800,False,0,1800
2023-03-25,88,Abha,coffee beans,Brazilian,30,31,930,True,186,744
2023-03-26,55,Khobar,coffee beans,Ethiopian,45,42,1890,True,378,1512
2023-03-27,62,Medina,coffee beans,Colombian,40,21,840,False,0,840
2023-03-28,5,Jeddah,coffee beans,Brazilian,30,39,1170,True,234,936
2023-03-29,61,Khobar,coffee beans,Costa Rica,35,21,735,True,147,588
2023-03-30,41,Jeddah,coffee beans,Costa Rica,35,32,1120,False,0,1120
2023-03-31,97,Jeddah,coffee beans,Costa Rica,35,33,1155,True,231,924
2023-04-01,80,Abha,coffee beans,Ethiopian,45,1,45,False,0,45
2023-04-02,82,Riyadh,coffee beans,Colombian,40,35,1400,False,0,1400
2023-04-03,18,Jeddah,coffee beans,Ethiopian,45,41,1845,True,369,1476
2023-04-04,24,Medina,coffee beans,Guatemala,35,34,1190,False,0,1190
2023-04-05,76,Tabuk,coffee beans,Guatemala,35,37,1295,True,259,1036
2023-04-06,4,Hail,coffee beans,Brazilian,30,40,1200,False,0,1200
2023-04-07,51,Dammam,coffee beans,Colombian,40,37,1480,False,0,1480
2023-04-08,7,Medina,coffee beans,Brazilian,30,27,810,False,0,810
2023-04-09,22,Dammam,coffee beans,Colombian,40,24,960,False,0,960
2023-04-10,25,Dammam,coffee beans,Costa Rica,35,41,1435,False,0,1435
2023-04-11,29,Hail,coffee beans,Brazilian,30,3,90,True,18,72
2023-04-12,33,Buraidah,coffee beans,Costa Rica,35,7,245,True,49,196
2023-04-13,75,Tabuk,coffee beans,Colombian,40,39,1560,True,312,1248
2023-04-14,45,Jeddah,coffee beans,Costa Rica,35,41,1435,True,287,1148
2023-04-15,88,Mecca,coffee beans,Guatemala,35,4,140,True,28,112
2023-04-16,90,Riyadh,coffee beans,Costa Rica,35,32,1120,True,224,896
2023-04-17,18,Mecca,coffee beans,Costa Rica,35,28,980,False,0,980
2023-04-18,66,Buraidah,coffee beans,Ethiopian,45,3,135,False,0,135
2023-04-19,73,Jeddah,coffee beans,Colombian,40,15,600,False,0,600
2023-04-20,13,Mecca,coffee beans,Guatemala,35,38,1330,False,0,1330
2023-04-21,70,Buraidah,coffee beans,Costa Rica,35,4,140,False,0,140
2023-04-22,65,Buraidah,coffee beans,Brazilian,30,30,900,False,0,900
2023-04-23,11,Buraidah,coffee beans,Colombian,40,17,680,False,0,680
2023-04-24,62,Medina,coffee beans,Costa Rica,35,37,1295,True,259,1036
2023-04-25,47,Riyadh,coffee beans,Colombian,40,40,1600,False,0,1600
2023-04-26,29,Abha,coffee beans,Brazilian,30,3,90,False,0,90
2023-04-27,52,Buraidah,coffee beans,Ethiopian,45,6,270,True,54,216
2023-04-28,74,Dammam,coffee beans,Guatemala,35,9,315,False,0,315
2023-04-29,92,Buraidah,coffee beans,Colombian,40,27,1080,True,216,864
2023-04-30,4,Hail,coffee beans,Guatemala,35,7,245,True,49,196
2023-05-01,78,Hail,coffee beans,Colombian,40,46,1840,True,368,1472
2023-05-02,37,Hail,coffee beans,Brazilian,30,11,330,False,0,330
2023-05-03,89,Buraidah,coffee beans,Ethiopian,45,46,2070,True,414,1656
2023-05-04,91,Riyadh,coffee beans,Costa Rica,35,43,1505,True,301,1204
2023-05-05,7,Buraidah,coffee beans,Costa Rica,35,1,35,False,0,35
2023-05-06,86,Abha,coffee beans,Costa Rica,35,26,910,True,182,728
2023-05-07,52,Buraidah,coffee beans,Colombian,40,40,1600,True,320,1280
2023-05-08,66,Dammam,coffee beans,Ethiopian,45,35,1575,True,315,1260
2023-05-09,47,Mecca,coffee beans,Guatemala,35,22,770,True,154,616
2023-05-10,39,Khobar,coffee beans,Guatemala,35,43,1505,False,0,1505
2023-05-11,22,Mecca,coffee beans,Brazilian,30,47,1410,True,282,1128
2023-05-12,92,Buraidah,coffee beans,Ethiopian,45,22,990,False,0,990
2023-05-13,57,Hail,coffee beans,Colombian,40,27,1080,False,0,1080
2023-05-14,53,Mecca,coffee beans,Costa Rica,35,21,735,True,147,588
2023-05-15,90,Hail,coffee beans,Guatemala,35,13,455,True,91,364
2023-05-16,100,Dammam,coffee beans,Costa Rica,35,25,875,False,0,875
2023-05-17,28,Buraidah,coffee beans,Guatemala,35,47,1645,True,329,1316
2023-05-18,72,Khobar,coffee beans,Costa Rica,35,4,140,False,0,140
2023-05-19,79,Abha,coffee beans,Colombian,40,8,320,False,0,320
2023-05-20,81,Buraidah,coffee beans,Brazilian,30,45,1350,False,0,1350
2023-05-21,62,Buraidah,coffee beans,Ethiopian,45,21,945,True,189,756
2023-05-22,13,Hail,coffee beans,Ethiopian,45,33,1485,False,0,1485
2023-05-23,40,Tabuk,coffee beans,Colombian,40,24,960,False,0,960
2023-05-24,29,Riyadh,coffee beans,Brazilian,30,46,1380,False,0,1380
2023-05-25,83,Hail,coffee beans,Brazilian,30,47,1410,False,0,1410
2023-05-26,40,Medina,coffee beans,Costa Rica,35,38,1330,True,266,1064
2023-05-27,58,Abha,coffee beans,Ethiopian,45,20,900,True,180,720
2023-05-28,53,Riyadh,coffee beans,Ethiopian,45,20,900,True,180,720
2023-05-29,45,Hail,coffee beans,Costa Rica,35,36,1260,True,252,1008
2023-05-30,4,Abha,coffee beans,Costa Rica,35,49,1715,False,0,1715
2023-05-31,75,Mecca,coffee beans,Guatemala,35,13,455,True,91,364
2023-06-01,1,Khobar,coffee beans,Colombian,40,32,1280,True,256,1024
2023-06-02,57,Hail,coffee beans,Guatemala,35,29,1015,True,203,812
2023-06-03,25,Hail,coffee beans,Guatemala,35,21,735,False,0,735
2023-06-04,40,Abha,coffee beans,Brazilian,30,12,360,False,0,360
2023-06-05,25,Hail,coffee beans,Guatemala,35,32,1120,True,224,896
2023-06-06,72,Jeddah,coffee beans,Colombian,40,33,1320,False,0,1320
2023-06-07,97,Tabuk,coffee beans,Colombian,40,44,1760,True,352,1408
2023-06-08,73,Jeddah,coffee beans,Colombian,40,28,1120,False,0,1120
2023-06-09,2,Dammam,coffee beans,Ethiopian,45,4,180,False,0,180
2023-06-10,11,Khobar,coffee beans,Colombian,40,34,1360,False,0,1360
2023-06-11,49,Tabuk,coffee beans,Colombian,40,28,1120,False,0,1120
2023-06-12,97,Riyadh,coffee beans,Colombian,40,12,480,False,0,480
2023-06-13,19,Mecca,coffee beans,Brazilian,30,16,480,True,96,384
2023-06-14,12,Khobar,coffee beans,Brazilian,30,47,1410,True,282,1128
2023-06-15,81,Riyadh,coffee beans,Guatemala,35,23,805,False,0,805
2023-06-16,67,Hail,coffee beans,Colombian,40,21,840,False,0,840
2023-06-17,79,Khobar,coffee beans,Colombian,40,42,1680,False,0,1680
2023-06-18,47,Tabuk,coffee beans,Guatemala,35,18,630,True,126,504
2023-06-19,96,Mecca,coffee beans,Guatemala,35,21,735,True,147,588
2023-06-20,30,Mecca,coffee beans,Colombian,40,46,1840,True,368,1472
2023-06-21,77,Mecca,coffee beans,Brazilian,30,29,870,False,0,870
2023-06-22,66,Khobar,coffee beans,Guatemala,35,5,175,False,0,175
2023-06-23,90,Hail,coffee beans,Guatemala,35,26,910,True,182,728
2023-06-24,28,Hail,coffee beans,Colombian,40,18,720,False,0,720
2023-06-25,83,Tabuk,coffee beans,Colombian,40,25,1000,True,200,800
2023-06-26,29,Buraidah,coffee beans,Brazilian,30,21,630,False,0,630
2023-06-27,79,Khobar,coffee beans,Colombian,40,13,520,True,104,416
2023-06-28,81,Buraidah,coffee beans,Guatemala,35,41,1435,False,0,1435
2023-06-29,82,Hail,coffee beans,Guatemala,35,49,1715,False,0,1715
2023-06-30,39,Khobar,coffee beans,Ethiopian,45,31,1395,False,0,1395
2023-07-01,95,Buraidah,coffee beans,Brazilian,30,1,30,True,6,24
2023-07-02,83,Jeddah,coffee beans,Colombian,40,4,160,False,0,160
2023-07-03,94,Riyadh,coffee beans,Costa Rica,35,29,1015,False,0,1015
2023-07-04,67,Medina,coffee beans,Costa Rica,35,45,1575,False,0,1575
2023-07-05,44,Buraidah,coffee beans,Ethiopian,45,8,360,False,0,360
2023-07-06,51,Khobar,coffee beans,Ethiopian,45,18,810,True,162,648
2023-07-07,25,Buraidah,coffee beans,Costa Rica,35,15,525,True,105,420
2023-07-08,51,Jeddah,coffee beans,Costa Rica,35,38,1330,False,0,1330
2023-07-09,23,Khobar,coffee beans,Colombian,40,8,320,False,0,320
2023-07-10,3,Hail,coffee beans,Colombian,40,7,280,False,0,280
2023-07-11,34,Riyadh,coffee beans,Costa Rica,35,45,1575,False,0,1575
2023-07-12,80,Mecca,coffee beans,Colombian,40,8,320,True,64,256
2023-07-13,13,Hail,coffee beans,Colombian,40,15,600,True,120,480
2023-07-14,32,Riyadh,coffee beans,Colombian,40,44,1760,False,0,1760
2023-07-15,35,Hail,coffee beans,Guatemala,35,47,1645,True,329,1316
2023-07-16,34,Buraidah,coffee beans,Guatemala,35,48,1680,True,336,1344
2023-07-17,99,Mecca,coffee beans,Colombian,40,49,1960,True,392,1568
2023-07-18,62,Dammam,coffee beans,Ethiopian,45,29,1305,False,0,1305
2023-07-19,54,Hail,coffee beans,Colombian,40,3,120,False,0,120
2023-07-20,56,Hail,coffee beans,Costa Rica,35,19,665,True,133,532
2023-07-21,33,Buraidah,coffee beans,Costa Rica,35,29,1015,True,203,812
2023-07-22,66,Mecca,coffee beans,Guatemala,35,18,630,False,0,630
2023-07-23,4,Riyadh,coffee beans,Guatemala,35,4,140,True,28,112
2023-07-24,21,Abha,coffee beans,Ethiopian,45,25,1125,False,0,1125
2023-07-25,95,Jeddah,coffee beans,Brazilian,30,41,1230,True,246,984
2023-07-26,50,Jeddah,coffee beans,Ethiopian,45,25,1125,True,225,900
2023-07-27,17,Riyadh,coffee beans,Ethiopian,45,3,135,False,0,135
2023-07-28,75,Riyadh,coffee beans,Costa Rica,35,39,1365,False,0,1365
2023-07-29,28,Tabuk,coffee beans,Brazilian,30,45,1350,False,0,1350
2023-07-30,68,Khobar,coffee beans,Colombian,40,46,1840,True,368,1472
2023-07-31,65,Medina,coffee beans,Costa Rica,35,6,210,True,42,168
2023-08-01,27,Medina,coffee beans,Colombian,40,33,1320,False,0,1320
2023-08-02,49,Riyadh,coffee beans,Colombian,40,17,680,True,136,544
2023-08-03,2,Mecca,coffee beans,Costa Rica,35,32,1120,True,224,896
2023-08-04,76,Buraidah,coffee beans,Costa Rica,35,25,875,True,175,700
2023-08-05,53,Buraidah,coffee beans,Brazilian,30,6,180,True,36,144
2023-08-06,60,Jeddah,coffee beans,Brazilian,30,24,720,True,144,576
2023-08-07,90,Tabuk,coffee beans,Colombian,40,7,280,False,0,280
2023-08-08,83,Medina,coffee beans,Guatemala,35,12,420,True,84,336
2023-08-09,51,Tabuk,coffee beans,Costa Rica,35,23,805,False,0,805
2023-08-10,40,Khobar,coffee beans,Costa Rica,35,4,140,True,28,112
2023-08-11,2,Riyadh,coffee beans,Guatemala,35,18,630,True,126,504
2023-08-12,28,Jeddah,coffee beans,Guatemala,35,15,525,True,105,420
2023-08-13,54,Riyadh,coffee beans,Brazilian,30,25,750,False,0,750
2023-08-14,83,Khobar,coffee beans,Colombian,40,33,1320,True,264,1056
2023-08-15,52,Buraidah,coffee beans,Brazilian,30,33,990,True,198,792
2023-08-16,88,Jeddah,coffee beans,Costa Rica,35,43,1505,True,301,1204
2023-08-17,81,Medina,coffee beans,Costa Rica,35,47,1645,False,0,1645
2023-08-18,68,Abha,coffee beans,Guatemala,35,8,280,False,0,280
2023-08-19,17,Riyadh,coffee beans,Costa Rica,35,23,805,False,0,805
2023-08-20,37,Tabuk,coffee beans,Brazilian,30,41,1230,False,0,1230
2023-08-21,88,Mecca,coffee beans,Guatemala,35,30,1050,False,0,1050
2023-08-22,24,Abha,coffee beans,Colombian,40,31,1240,True,248,992
2023-08-23,70,Jeddah,coffee beans,Guatemala,35,26,910,False,0,910
2023-08-24,2,Abha,coffee beans,Ethiopian,45,39,1755,True,351,1404
2023-08-25,47,Khobar,coffee beans,Brazilian,30,30,900,True,180,720
2023-08-26,78,Hail,coffee beans,Brazilian,30,39,1170,False,0,1170
2023-08-27,30,Tabuk,coffee beans,Costa Rica,35,18,630,True,126,504
2023-08-28,25,Khobar,coffee beans,Guatemala,35,15,525,False,0,525
2023-08-29,30,Dammam,coffee beans,Ethiopian,45,25,1125,True,225,900
2023-08-30,14,Buraidah,coffee beans,Guatemala,35,5,175,True,35,140
2023-08-31,38,Khobar,coffee beans,Brazilian,30,40,1200,True,240,960
2023-09-01,73,Hail,coffee beans,Guatemala,35,47,1645,False,0,1645
2023-09-02,86,Jeddah,coffee beans,Brazilian,30,16,480,True,96,384
2023-09-03,16,Jeddah,coffee beans,Ethiopian,45,40,1800,False,0,1800
2023-09-04,72,Buraidah,coffee beans,Guatemala,35,26,910,True,182,728
2023-09-05,7,Khobar,coffee beans,Costa Rica,35,30,1050,False,0,1050
2023-09-06,79,Buraidah,coffee beans,Colombian,40,47,1880,True,376,1504
2023-09-07,25,Abha,coffee beans,Costa Rica,35,20,700,False,0,700
2023-09-08,43,Tabuk,coffee beans,Guatemala,35,40,1400,True,280,1120
2023-09-09,82,Dammam,coffee beans,Brazilian,30,10,300,True,60,240
2023-09-10,6,Tabuk,coffee beans,Guatemala,35,3,105,True,21,84
2023-09-11,50,Khobar,coffee beans,Ethiopian,45,48,2160,False,0,2160
2023-09-12,47,Mecca,coffee beans,Brazilian,30,22,660,True,132,528
2023-09-13,53,Riyadh,coffee beans,Brazilian,30,38,1140,True,228,912
2023-09-14,5,Abha,coffee beans,Costa Rica,35,23,805,True,161,644
2023-09-15,98,Buraidah,coffee beans,Ethiopian,45,2,90,True,18,72
2023-09-16,8,Jeddah,coffee beans,Guatemala,35,45,1575,False,0,1575
2023-09-17,22,Dammam,coffee beans,Ethiopian,45,6,270,True,54,216
2023-09-18,17,Riyadh,coffee beans,Costa Rica,35,12,420,False,0,420
2023-09-19,71,Dammam,coffee beans,Costa Rica,35,46,1610,True,322,1288
2023-09-20,83,Mecca,coffee beans,Brazilian,30,14,420,True,84,336
2023-09-21,90,Buraidah,coffee beans,Ethiopian,45,40,1800,True,360,1440
2023-09-22,40,Tabuk,coffee beans,Brazilian,30,44,1320,False,0,1320
2023-09-23,2,Abha,coffee beans,Brazilian,30,31,930,False,0,930
2023-09-24,89,Khobar,coffee beans,Guatemala,35,4,140,True,28,112
2023-09-25,61,Mecca,coffee beans,Ethiopian,45,24,1080,False,0,1080
2023-09-26,84,Khobar,coffee beans,Brazilian,30,42,1260,True,252,1008
2023-09-27,65,Dammam,coffee beans,Ethiopian,45,14,630,True,126,504
2023-09-28,3,Mecca,coffee beans,Ethiopian,45,49,2205,True,441,1764
2023-09-29,10,Mecca,coffee beans,Costa Rica,35,38,1330,False,0,1330
2023-09-30,4,Dammam,coffee beans,Costa Rica,35,10,350,False,0,350
2023-10-01,82,Dammam,coffee beans,Costa Rica,35,4,140,False,0,140
2023-10-02,15,Riyadh,coffee beans,Costa Rica,35,38,1330,False,0,1330
2023-10-03,77,Medina,coffee beans,Colombian,40,3,120,True,24,96
2023-10-04,71,Buraidah,coffee beans,Ethiopian,45,20,900,True,180,720
2023-10-05,69,Hail,coffee beans,Costa Rica,35,3,105,False,0,105
2023-10-06,100,Riyadh,coffee beans,Costa Rica,35,31,1085,True,217,868
2023-10-07,6,Jeddah,coffee beans,Costa Rica,35,37,1295,False,0,1295
2023-10-08,8,Abha,coffee beans,Guatemala,35,23,805,True,161,644
2023-10-09,32,Khobar,coffee beans,Brazilian,30,7,210,False,0,210
2023-10-10,41,Hail,coffee beans,Guatemala,35,46,1610,True,322,1288
2023-10-11,9,Jeddah,coffee beans,Brazilian,30,49,1470,True,294,1176
2023-10-12,6,Medina,coffee beans,Costa Rica,35,37,1295,False,0,1295
2023-10-13,67,Mecca,coffee beans,Ethiopian,45,37,1665,False,0,1665
2023-10-14,75,Khobar,coffee beans,Brazilian,30,41,1230,True,246,984
2023-10-15,42,Riyadh,coffee beans,Colombian,40,32,1280,True,256,1024
2023-10-16,89,Mecca,coffee beans,Guatemala,35,26,910,False,0,910
2023-10-17,23,Jeddah,coffee beans,Ethiopian,45,34,1530,False,0,1530
2023-10-18,5,Buraidah,coffee beans,Colombian,40,9,360,True,72,288
2023-10-19,32,Khobar,coffee beans,Ethiopian,45,15,675,False,0,675
2023-10-20,26,Dammam,coffee beans,Brazilian,30,15,450,False,0,450
2023-10-21,97,Buraidah,coffee beans,Colombian,40,27,1080,False,0,1080
2023-10-22,91,Jeddah,coffee beans,Ethiopian,45,28,1260,False,0,1260
2023-10-23,48,Medina,coffee beans,Guatemala,35,17,595,True,119,476
2023-10-24,53,Khobar,coffee beans,Costa Rica,35,41,1435,False,0,1435
2023-10-25,92,Abha,coffee beans,Colombian,40,17,680,True,136,544
2023-10-26,59,Medina,coffee beans,Colombian,40,43,1720,False,0,1720
2023-10-27,36,Dammam,coffee beans,Colombian,40,1,40,True,8,32
2023-10-28,57,Buraidah,coffee beans,Guatemala,35,10,350,True,70,280
2023-10-29,10,Tabuk,coffee beans,Brazilian,30,5,150,False,0,150
2023-10-30,82,Abha,coffee beans,Guatemala,35,13,455,False,0,455
2023-10-31,60,Dammam,coffee beans,Guatemala,35,42,1470,False,0,1470
2023-11-01,63,Tabuk,coffee beans,Guatemala,35,6,210,False,0,210
2023-11-02,2,Dammam,coffee beans,Colombian,40,43,1720,False,0,1720
2023-11-03,65,Medina,coffee beans,Guatemala,35,29,1015,True,203,812
2023-11-04,76,Medina,coffee beans,Guatemala,35,35,1225,False,0,1225
2023-11-05,91,Jeddah,coffee beans,Costa Rica,35,42,1470,False,0,1470
2023-11-06,91,Tabuk,coffee beans,Costa Rica,35,21,735,False,0,735
2023-11-07,19,Khobar,coffee beans,Brazilian,30,5,150,False,0,150
2023-11-08,27,Khobar,coffee beans,Guatemala,35,21,735,False,0,735
2023-11-09,49,Jeddah,coffee beans,Guatemala,35,34,1190,False,0,1190
2023-11-10,74,Riyadh,coffee beans,Costa Rica,35,35,1225,True,245,980
2023-11-11,37,Dammam,coffee beans,Colombian,40,5,200,False,0,200
2023-11-12,94,Dammam,coffee beans,Costa Rica,35,44,1540,False,0,1540
2023-11-13,56,Jeddah,coffee beans,Ethiopian,45,39,1755,True,351,1404
2023-11-14,28,Khobar,coffee beans,Guatemala,35,41,1435,False,0,1435
2023-11-15,32,Abha,coffee beans,Guatemala,35,24,840,True,168,672
2023-11-16,100,Dammam,coffee beans,Brazilian,30,45,1350,False,0,1350
2023-11-17,29,Medina,coffee beans,Brazilian,30,6,180,False,0,180
2023-11-18,63,Riyadh,coffee beans,Ethiopian,45,18,810,False,0,810
2023-11-19,27,Riyadh,coffee beans,Brazilian,30,12,360,True,72,288
2023-11-20,27,Tabuk,coffee beans,Costa Rica,35,16,560,True,112,448
2023-11-21,96,Buraidah,coffee beans,Brazilian,30,39,1170,True,234,936
2023-11-22,97,Hail,coffee beans,Colombian,40,24,960,True,192,768
2023-11-23,44,Dammam,coffee beans,Brazilian,30,4,120,True,24,96
2023-11-24,2,Riyadh,coffee beans,Ethiopian,45,32,1440,True,288,1152
2023-11-25,94,Abha,coffee beans,Costa Rica,35,21,735,True,147,588
2023-11-26,92,Riyadh,coffee beans,Guatemala,35,18,630,True,126,504
2023-11-27,97,Mecca,coffee beans,Guatemala,35,41,1435,False,0,1435
2023-11-28,7,Riyadh,coffee beans,Costa Rica,35,30,1050,True,210,840
2023-11-29,7,Medina,coffee beans,Brazilian,30,28,840,True,168,672
2023-11-30,82,Riyadh,coffee beans,Guatemala,35,6,210,True,42,168
2023-12-01,3,Medina,coffee beans,Brazilian,30,14,420,False,0,420
2023-12-02,18,Riyadh,coffee beans,Brazilian,30,36,1080,False,0,1080
2023-12-03,71,Khobar,coffee beans,Ethiopian,45,11,495,True,99,396
2023-12-04,57,Tabuk,coffee beans,Guatemala,35,28,980,False,0,980
2023-12-05,11,Jeddah,coffee beans,Guatemala,35,29,1015,False,0,1015
2023-12-06,22,Riyadh,coffee beans,Guatemala,35,46,1610,False,0,1610
2023-12-07,74,Buraidah,coffee beans,Brazilian,30,10,300,True,60,240
2023-12-08,93,Jeddah,coffee beans,Guatemala,35,4,140,False,0,140
2023-12-09,76,Riyadh,coffee beans,Costa Rica,35,5,175,True,35,140
2023-12-10,55,Medina,coffee beans,Brazilian,30,27,810,True,162,648
2023-12-11,31,Jeddah,coffee beans,Guatemala,35,43,1505,True,301,1204
2023-12-12,97,Dammam,coffee beans,Brazilian,30,40,1200,True,240,960
2023-12-13,30,Riyadh,coffee beans,Costa Rica,35,38,1330,True,266,1064
2023-12-14,54,Riyadh,coffee beans,Ethiopian,45,27,1215,False,0,1215
2023-12-15,74,Abha,coffee beans,Guatemala,35,21,735,True,147,588
2023-12-16,100,Mecca,coffee beans,Colombian,40,1,40,False,0,40
2023-12-17,42,Buraidah,coffee beans,Costa Rica,35,39,1365,False,0,1365
2023-12-18,72,Buraidah,coffee beans,Colombian,40,23,920,False,0,920
2023-12-19,95,Abha,coffee beans,Ethiopian,45,3,135,True,27,108
2023-12-20,16,Mecca,coffee beans,Brazilian,30,30,900,True,180,720
2023-12-21,80,Hail,coffee beans,Brazilian,30,6,180,True,36,144
2023-12-22,31,Buraidah,coffee beans,Brazilian,30,49,1470,False,0,1470
2023-12-23,94,Mecca,coffee beans,Guatemala,35,5,175,True,35,140
2023-12-24,85,Riyadh,coffee beans,Brazilian,30,3,90,True,18,72
2023-12-25,91,Hail,coffee beans,Brazilian,30,45,1350,False,0,1350
2023-12-26,67,Tabuk,coffee beans,Costa Rica,35,17,595,False,0,595
2023-12-27,96,Riyadh,coffee beans,Ethiopian,45,8,360,False,0,360
2023-12-28,46,Khobar,coffee beans,Costa Rica,35,30,1050,True,210,840
2023-12-29,35,Khobar,coffee beans,Colombian,40,37,1480,False,0,1480
2023-12-30,97,Mecca,coffee beans,Ethiopian,45,29,1305,True,261,1044
2023-12-31,68,Buraidah,coffee beans,Costa Rica,35,33,1155,False,0,1155
2024-01-01,31,Jeddah,coffee beans,Guatemala,35,33,1155,True,231,924
2024-01-02,12,Riyadh,coffee beans,Brazilian,30,22,660,False,0,660
2024-01-03,76,Jeddah,coffee beans,Costa Rica,35,35,1225,True,245,980
2024-01-04,14,Riyadh,coffee beans,Costa Rica,35,40,1400,True,280,1120
2024-01-05,100,Mecca,coffee beans,Colombian,40,37,1480,True,296,1184
2024-01-06,47,Khobar,coffee beans,Guatemala,35,36,1260,True,252,1008
2024-01-07,12,Medina,coffee beans,Brazilian,30,17,510,True,102,408
2024-01-08,95,Abha,coffee beans,Colombian,40,24,960,False,0,960
2024-01-09,84,Jeddah,coffee beans,Guatemala,35,32,1120,False,0,1120
2024-01-10,73,Jeddah,coffee beans,Guatemala,35,14,490,False,0,490
2024-01-11,26,Mecca,coffee beans,Brazilian,30,48,1440,False,0,1440
2024-01-12,17,Khobar,coffee beans,Brazilian,30,49,1470,True,294,1176
2024-01-13,4,Khobar,coffee beans,Guatemala,35,33,1155,True,231,924
2024-01-14,50,Medina,coffee beans,Brazilian,30,40,1200,False,0,1200
2024-01-15,84,Riyadh,coffee beans,Ethiopian,45,47,2115,True,423,1692
2024-01-16,24,Buraidah,coffee beans,Colombian,40,19,760,True,152,608
2024-01-17,92,Jeddah,coffee beans,Guatemala,35,31,1085,True,217,868
2024-01-18,91,Medina,coffee beans,Colombian,40,25,1000,True,200,800
2024-01-19,46,Abha,coffee beans,Colombian,40,27,1080,True,216,864
2024-01-20,50,Hail,coffee beans,Ethiopian,45,38,1710,False,0,1710
2024-01-21,56,Medina,coffee beans,Colombian,40,44,1760,False,0,1760
2024-01-22,18,Abha,coffee beans,Colombian,40,32,1280,False,0,1280
2024-01-23,63,Khobar,coffee beans,Ethiopian,45,38,1710,False,0,1710
2024-01-24,22,Jeddah,coffee beans,Colombian,40,31,1240,False,0,1240
2024-01-25,76,Dammam,coffee beans,Ethiopian,45,15,675,True,135,540
2024-01-26,2,Jeddah,coffee beans,Guatemala,35,16,560,True,112,448
2024-01-27,95,Dammam,coffee beans,Brazilian,30,4,120,True,24,96
2024-01-28,77,Mecca,coffee beans,Ethiopian,45,34,1530,False,0,1530
2024-01-29,48,Mecca,coffee beans,Guatemala,35,48,1680,True,336,1344
2024-01-30,98,Jeddah,coffee beans,Brazilian,30,25,750,True,150,600
2024-01-31,46,Medina,coffee beans,Colombian,40,42,1680,False,0,1680
2024-02-01,91,Khobar,coffee beans,Costa Rica,35,8,280,False,0,280
2024-02-02,41,Abha,coffee beans,Ethiopian,45,13,585,True,117,468
2024-02-03,33,Riyadh,coffee beans,Guatemala,35,21,735,False,0,735
2024-02-04,98,Riyadh,coffee beans,Brazilian,30,1,30,True,6,24
2024-02-05,77,Buraidah,coffee beans,Ethiopian,45,40,1800,True,360,1440
2024-02-06,48,Tabuk,coffee beans,Costa Rica,35,41,1435,True,287,1148
2024-02-07,30,Buraidah,coffee beans,Colombian,40,5,200,True,40,160
2024-02-08,34,Hail,coffee beans,Brazilian,30,43,1290,True,258,1032
2024-02-09,21,Mecca,coffee beans,Costa Rica,35,28,980,True,196,784
2024-02-10,18,Hail,coffee beans,Costa Rica,35,12,420,True,84,336
2024-02-11,85,Tabuk,coffee beans,Brazilian,30,11,330,True,66,264
2024-02-12,16,Khobar,coffee beans,Colombian,40,29,1160,False,0,1160
2024-02-13,10,Tabuk,coffee beans,Colombian,40,18,720,False,0,720
2024-02-14,82,Jeddah,coffee beans,Brazilian,30,14,420,False,0,420
2024-02-15,42,Buraidah,coffee beans,Ethiopian,45,37,1665,True,333,1332
2024-02-16,31,Mecca,coffee beans,Costa Rica,35,4,140,True,28,112
2024-02-17,88,Hail,coffee beans,Costa Rica,35,46,1610,True,322,1288
2024-02-18,18,Dammam,coffee beans,Brazilian,30,29,870,False,0,870
2024-02-19,46,Hail,coffee beans,Guatemala,35,40,1400,False,0,1400
2024-02-20,21,Jeddah,coffee beans,Costa Rica,35,10,350,False,0,350
2024-02-21,89,Hail,coffee beans,Colombian,40,28,1120,True,224,896
2024-02-22,65,Abha,coffee beans,Costa Rica,35,48,1680,True,336,1344
2024-02-23,32,Hail,coffee beans,Colombian,40,17,680,True,136,544
2024-02-24,64,Hail,coffee beans,Ethiopian,45,32,1440,False,0,1440
2024-02-25,5,Tabuk,coffee beans,Ethiopian,45,9,405,True,81,324
2024-02-26,60,Abha,coffee beans,Ethiopian,45,12,540,False,0,540
2024-02-27,83,Medina,coffee beans,Costa Rica,35,47,1645,False,0,1645
2024-02-28,100,Tabuk,coffee beans,Guatemala,35,13,455,True,91,364
2024-02-29,71,Hail,coffee beans,Brazilian,30,39,1170,True,234,936
2024-03-01,44,Khobar,coffee beans,Costa Rica,35,20,700,True,140,560
2024-03-02,59,Hail,coffee beans,Colombian,40,48,1920,True,384,1536
2024-03-03,58,Buraidah,coffee beans,Guatemala,35,44,1540,True,308,1232
2024-03-04,74,Medina,coffee beans,Colombian,40,17,680,True,136,544
2024-03-05,37,Hail,coffee beans,Brazilian,30,30,900,False,0,900
2024-03-06,44,Jeddah,coffee beans,Ethiopian,45,41,1845,False,0,1845
2024-03-07,83,Tabuk,coffee beans,Ethiopian,45,45,2025,False,0,2025
2024-03-08,4,Hail,coffee beans,Costa Rica,35,28,980,True,196,784
2024-03-09,27,Dammam,coffee beans,Colombian,40,7,280,True,56,224
2024-03-10,84,Hail,coffee beans,Ethiopian,45,23,1035,False,0,1035
2024-03-11,72,Abha,coffee beans,Colombian,40,40,1600,False,0,1600
2024-03-12,63,Hail,coffee beans,Costa Rica,35,18,630,False,0,630
2024-03-13,51,Abha,coffee beans,Ethiopian,45,18,810,False,0,810
2024-03-14,90,Medina,coffee beans,Brazilian,30,9,270,True,54,216
2024-03-15,57,Hail,coffee beans,Ethiopian,45,47,2115,False,0,2115
2024-03-16,50,Abha,coffee beans,Costa Rica,35,47,1645,True,329,1316
2024-03-17,79,Khobar,coffee beans,Brazilian,30,49,1470,True,294,1176
2024-03-18,10,Khobar,coffee beans,Guatemala,35,29,1015,True,203,812
2024-03-19,15,Medina,coffee beans,Guatemala,35,29,1015,True,203,812
2024-03-20,95,Hail,coffee beans,Colombian,40,25,1000,False,0,1000
2024-03-21,55,Hail,coffee beans,Colombian,40,28,1120,True,224,896
2024-03-22,1,Abha,coffee beans,Costa Rica,35,2,70,False,0,70
2024-03-23,61,Abha,coffee beans,Costa Rica,35,16,560,True,112,448
2024-03-24,43,Mecca,coffee beans,Costa Rica,35,13,455,True,91,364
2024-03-25,14,Dammam,coffee beans,Costa Rica,35,43,1505,False,0,1505
2024-03-26,82,Riyadh,coffee beans,Costa Rica,35,48,1680,False,0,1680
2024-03-27,90,Jeddah,coffee beans,Brazilian,30,13,390,True,78,312
2024-03-28,8,Mecca,coffee beans,Ethiopian,45,37,1665,True,333,1332
2024-03-29,89,Hail,coffee beans,Guatemala,35,45,1575,True,315,1260
2024-03-30,82,Buraidah,coffee beans,Brazilian,30,46,1380,True,276,1104
2024-03-31,26,Medina,coffee beans,Colombian,40,5,200,True,40,160
2024-04-01,99,Riyadh,coffee beans,Guatemala,35,15,525,False,0,525
2024-04-02,29,Khobar,coffee beans,Costa Rica,35,30,1050,False,0,1050
2024-04-03,91,Mecca,coffee beans,Colombian,40,6,240,True,48,192
2024-04-04,43,Hail,coffee beans,Ethiopian,45,14,630,True,126,504
2024-04-05,35,Dammam,coffee beans,Colombian,40,48,1920,True,384,1536
2024-04-06,15,Mecca,coffee beans,Costa Rica,35,22,770,False,0,770
2024-04-07,10,Riyadh,coffee beans,Ethiopian,45,43,1935,False,0,1935
2024-04-08,85,Hail,coffee beans,Costa Rica,35,27,945,True,189,756
2024-04-09,19,Mecca,coffee beans,Ethiopian,45,22,990,True,198,792
2024-04-10,31,Riyadh,coffee beans,Ethiopian,45,34,1530,False,0,1530
2024-04-11,75,Khobar,coffee beans,Colombian,40,20,800,False,0,800
2024-04-12,75,Abha,coffee beans,Ethiopian,45,43,1935,True,387,1548
2024-04-13,86,Dammam,coffee beans,Ethiopian,45,19,855,False,0,855
2024-04-14,60,Khobar,coffee beans,Guatemala,35,41,1435,True,287,1148
2024-04-15,80,Dammam,coffee beans,Colombian,40,21,840,True,168,672
2024-04-16,6,Riyadh,coffee beans,Guatemala,35,14,490,True,98,392
2024-04-17,14,Khobar,coffee beans,Guatemala,35,23,805,False,0,805
2024-04-18,82,Dammam,coffee beans,Brazilian,30,43,1290,True,258,1032
2024-04-19,42,Mecca,coffee beans,Costa Rica,35,33,1155,False,0,1155
2024-04-20,56,Hail,coffee beans,Brazilian,30,37,1110,False,0,1110
2024-04-21,29,Hail,coffee beans,Ethiopian,45,48,2160,False,0,2160
2024-04-22,61,Khobar,coffee beans,Ethiopian,45,22,990,True,198,792
2024-04-23,2,Dammam,coffee beans,Guatemala,35,21,735,True,147,588
2024-04-24,7,Riyadh,coffee beans,Ethiopian,45,7,315,True,63,252
2024-04-25,15,Khobar,coffee beans,Guatemala,35,7,245,False,0,245
2024-04-26,20,Buraidah,coffee beans,Brazilian,30,9,270,True,54,216
2024-04-27,59,Hail,coffee beans,Brazilian,30,46,1380,False,0,1380
2024-04-28,43,Hail,coffee beans,Guatemala,35,35,1225,True,245,980
2024-04-29,19,Dammam,coffee beans,Brazilian,30,18,540,False,0,540
2024-04-30,80,Tabuk,coffee beans,Guatemala,35,35,1225,False,0,1225
2024-05-01,42,Jeddah,coffee beans,Costa Rica,35,1,35,False,0,35
2024-05-02,47,Mecca,coffee beans,Guatemala,35,24,840,False,0,840
2024-05-03,99,Khobar,coffee beans,Colombian,40,2,80,False,0,80
2024-05-04,52,Mecca,coffee beans,Brazilian,30,15,450,False,0,450
2024-05-05,22,Buraidah,coffee beans,Brazilian,30,41,1230,False,0,1230
2024-05-06,96,Hail,coffee beans,Colombian,40,33,1320,True,264,1056
2024-05-07,91,Jeddah,coffee beans,Ethiopian,45,24,1080,False,0,1080
2024-05-08,42,Tabuk,coffee beans,Colombian,40,15,600,False,0,600
2024-05-09,45,Dammam,coffee beans,Colombian,40,29,1160,False,0,1160
2024-05-10,10,Abha,coffee beans,Costa Rica,35,9,315,True,63,252
2024-05-11,45,Medina,coffee beans,Colombian,40,43,1720,True,344,1376
2024-05-12,79,Mecca,coffee beans,Costa Rica,35,7,245,True,49,196
2024-05-13,8,Riyadh,coffee beans,Colombian,40,4,160,True,32,128
2024-05-14,57,Jeddah,coffee beans,Ethiopian,45,13,585,True,117,468
2024-05-15,2,Buraidah,coffee beans,Ethiopian,45,44,1980,True,396,1584
2024-05-16,83,Riyadh,coffee beans,Ethiopian,45,11,495,True,99,396
2024-05-17,9,Riyadh,coffee beans,Colombian,40,45,1800,False,0,1800
2024-05-18,60,Hail,coffee beans,Colombian,40,10,400,True,80,320
2024-05-19,86,Hail,coffee beans,Costa Rica,35,48,1680,True,336,1344
2024-05-20,25,Riyadh,coffee beans,Brazilian,30,30,900,True,180,720
2024-05-21,39,Tabuk,coffee beans,Brazilian,30,22,660,True,132,528
2024-05-22,90,Dammam,coffee beans,Guatemala,35,1,35,False,0,35
2024-05-23,33,Medina,coffee beans,Guatemala,35,6,210,False,0,210
2024-05-24,58,Dammam,coffee beans,Guatemala,35,25,875,True,175,700
2024-05-25,75,Abha,coffee beans,Brazilian,30,25,750,True,150,600
2024-05-26,98,Hail,coffee beans,Guatemala,35,49,1715,False,0,1715
2024-05-27,56,Riyadh,coffee beans,Guatemala,35,17,595,False,0,595
2024-05-28,86,Jeddah,coffee beans,Ethiopian,45,19,855,False,0,855
2024-05-29,49,Medina,coffee beans,Costa Rica,35,25,875,False,0,875
2024-05-30,55,Jeddah,coffee beans,Costa Rica,35,11,385,False,0,385
2024-05-31,51,Medina,coffee beans,Guatemala,35,35,1225,True,245,980
2024-06-01,12,Tabuk,coffee beans,Colombian,40,16,640,True,128,512
2024-06-02,9,Dammam,coffee beans,Ethiopian,45,33,1485,True,297,1188
2024-06-03,5,Buraidah,coffee beans,Brazilian,30,3,90,True,18,72
2024-06-04,69,Buraidah,coffee beans,Brazilian,30,15,450,False,0,450
2024-06-05,48,Mecca,coffee beans,Colombian,40,23,920,True,184,736
2024-06-06,72,Tabuk,coffee beans,Colombian,40,48,1920,False,0,1920
2024-06-07,81,Mecca,coffee beans,Colombian,40,41,1640,True,328,1312
2024-06-08,41,Hail,coffee beans,Brazilian,30,3,90,False,0,90
2024-06-09,9,Hail,coffee beans,Ethiopian,45,49,2205,False,0,2205
2024-06-10,60,Abha,coffee beans,Colombian,40,25,1000,True,200,800
2024-06-11,16,Hail,coffee beans,Costa Rica,35,39,1365,False,0,1365
2024-06-12,9,Riyadh,coffee beans,Ethiopian,45,47,2115,False,0,2115
2024-06-13,10,Medina,coffee beans,Guatemala,35,2,70,True,14,56
2024-06-14,82,Riyadh,coffee beans,Guatemala,35,28,980,True,196,784
2024-06-15,28,Hail,coffee beans,Ethiopian,45,14,630,False,0,630
2024-06-16,17,Mecca,coffee beans,Guatemala,35,16,560,True,112,448
2024-06-17,67,Tabuk,coffee beans,Brazilian,30,29,870,True,174,696
2024-06-18,44,Dammam,coffee beans,Colombian,40,47,1880,False,0,1880
2024-06-19,21,Hail,coffee beans,Costa Rica,35,27,945,False,0,945
2024-06-20,96,Riyadh,coffee beans,Costa Rica,35,39,1365,True,273,1092
2024-06-21,13,Buraidah,coffee beans,Ethiopian,45,41,1845,True,369,1476
2024-06-22,63,Dammam,coffee beans,Costa Rica,35,10,350,True,70,280
2024-06-23,93,Dammam,coffee beans,Guatemala,35,8,280,True,56,224
2024-06-24,93,Jeddah,coffee beans,Ethiopian,45,37,1665,False,0,1665
2024-06-25,93,Medina,coffee beans,Colombian,40,47,1880,True,376,1504
2024-06-26,89,Khobar,coffee beans,Brazilian,30,49,1470,True,294,1176
2024-06-27,16,Khobar,coffee beans,Colombian,40,44,1760,True,352,1408
2024-06-28,45,Riyadh,coffee beans,Costa Rica,35,34,1190,True,238,952
2024-06-29,26,Medina,coffee beans,Brazilian,30,34,1020,False,0,1020
2024-06-30,35,Khobar,coffee beans,Colombian,40,26,1040,True,208,832
2024-07-01,37,Dammam,coffee beans,Guatemala,35,17,595,True,119,476
2024-07-02,62,Mecca,coffee beans,Ethiopian,45,49,2205,True,441,1764
2024-07-03,66,Abha,coffee beans,Brazilian,30,5,150,False,0,150
2024-07-04,35,Abha,coffee beans,Costa Rica,35,24,840,True,168,672
2024-07-05,63,Buraidah,coffee beans,Brazilian,30,28,840,False,0,840
2024-07-06,4,Jeddah,coffee beans,Brazilian,30,5,150,False,0,150
2024-07-07,97,Dammam,coffee beans,Colombian,40,46,1840,True,368,1472
2024-07-08,65,Riyadh,coffee beans,Brazilian,30,43,1290,True,258,1032
2024-07-09,16,Abha,coffee beans,Ethiopian,45,10,450,True,90,360
2024-07-10,7,Buraidah,coffee beans,Costa Rica,35,42,1470,True,294,1176
2024-07-11,2,Jeddah,coffee beans,Ethiopian,45,46,2070,True,414,1656
2024-07-12,76,Mecca,coffee beans,Brazilian,30,36,1080,True,216,864
2024-07-13,32,Medina,coffee beans,Costa Rica,35,21,735,True,147,588
2024-07-14,100,Tabuk,coffee beans,Ethiopian,45,13,585,False,0,585
2024-07-15,17,Buraidah,coffee beans,Ethiopian,45,2,90,False,0,90
2024-07-16,74,Riyadh,coffee beans,Colombian,40,1,40,False,0,40
2024-07-17,97,Buraidah,coffee beans,Costa Rica,35,43,1505,False,0,1505
2024-07-18,13,Abha,coffee beans,Guatemala,35,11,385,True,77,308
2024-07-19,81,Dammam,coffee beans,Colombian,40,40,1600,True,320,1280
2024-07-20,49,Dammam,coffee beans,Brazilian,30,3,90,False,0,90
2024-07-21,48,Hail,coffee beans,Ethiopian,45,8,360,False,0,360
2024-07-22,73,Buraidah,coffee beans,Costa Rica,35,37,1295,True,259,1036
2024-07-23,52,Tabuk,coffee beans,Ethiopian,45,44,1980,False,0,1980
2024-07-24,31,Medina,coffee beans,Colombian,40,24,960,True,192,768
2024-07-25,89,Hail,coffee beans,Guatemala,35,6,210,False,0,210
2024-07-26,76,Abha,coffee beans,Ethiopian,45,10,450,False,0,450
2024-07-27,2,Abha,coffee beans,Costa Rica,35,40,1400,False,0,1400
2024-07-28,38,Dammam,coffee beans,Costa Rica,35,35,1225,True,245,980
2024-07-29,50,Tabuk,coffee beans,Colombian,40,46,1840,True,368,1472
2024-07-30,48,Medina,coffee beans,Brazilian,30,28,840,False,0,840
2024-07-31,65,Dammam,coffee beans,Colombian,40,49,1960,True,392,1568
2024-08-01,15,Mecca,coffee beans,Guatemala,35,9,315,True,63,252
2024-08-02,40,Riyadh,coffee beans,Brazilian,30,29,870,False,0,870
2024-08-03,2,Buraidah,coffee beans,Ethiopian,45,27,1215,True,243,972
2024-08-04,24,Jeddah,coffee beans,Guatemala,35,40,1400,True,280,1120
2024-08-05,78,Jeddah,coffee beans,Ethiopian,45,26,1170,False,0,1170
2024-08-06,95,Khobar,coffee beans,Costa Rica,35,1,35,False,0,35
2024-08-07,13,Jeddah,coffee beans,Guatemala,35,44,1540,True,308,1232
2024-08-08,36,Khobar,coffee beans,Colombian,40,12,480,True,96,384
2024-08-09,48,Tabuk,coffee beans,Costa Rica,35,30,1050,True,210,840
2024-08-10,79,Khobar,coffee beans,Colombian,40,16,640,False,0,640
2024-08-11,57,Dammam,coffee beans,Costa Rica,35,1,35,False,0,35
2024-08-12,10,Abha,coffee beans,Colombian,40,42,1680,True,336,1344
2024-08-13,79,Riyadh,coffee beans,Ethiopian,45,7,315,True,63,252
2024-08-14,88,Mecca,coffee beans,Colombian,40,22,880,True,176,704
2024-08-15,73,Tabuk,coffee beans,Colombian,40,35,1400,False,0,1400
2024-08-16,30,Medina,coffee beans,Guatemala,35,33,1155,True,231,924
2024-08-17,43,Riyadh,coffee beans,Costa Rica,35,46,1610,True,322,1288
2024-08-18,34,Khobar,coffee beans,Brazilian,30,8,240,False,0,240
2024-08-19,71,Buraidah,coffee beans,Brazilian,30,9,270,False,0,270
2024-08-20,36,Medina,coffee beans,Ethiopian,45,44,1980,True,396,1584
2024-08-21,24,Khobar,coffee beans,Costa Rica,35,41,1435,False,0,1435
2024-08-22,52,Abha,coffee beans,Brazilian,30,37,1110,False,0,1110
2024-08-23,66,Abha,coffee beans,Guatemala,35,19,665,False,0,665
2024-08-24,36,Abha,coffee beans,Brazilian,30,21,630,True,126,504
2024-08-25,15,Riyadh,coffee beans,Guatemala,35,8,280,False,0,280
2024-08-26,28,Buraidah,coffee beans,Colombian,40,28,1120,True,224,896
2024-08-27,57,Mecca,coffee beans,Ethiopian,45,34,1530,True,306,1224
2024-08-28,52,Hail,coffee beans,Guatemala,35,3,105,True,21,84
2024-08-29,60,Medina,coffee beans,Brazilian,30,42,1260,False,0,1260
2024-08-30,72,Mecca,coffee beans,Brazilian,30,39,1170,False,0,1170
2024-08-31,56,Abha,coffee beans,Costa Rica,35,46,1610,False,0,1610
2024-09-01,33,Khobar,coffee beans,Guatemala,35,17,595,False,0,595
2024-09-02,25,Tabuk,coffee beans,Ethiopian,45,32,1440,False,0,1440
2024-09-03,30,Medina,coffee beans,Ethiopian,45,3,135,False,0,135
2024-09-04,7,Dammam,coffee beans,Brazilian,30,9,270,False,0,270
2024-09-05,47,Khobar,coffee beans,Ethiopian,45,10,450,True,90,360
2024-09-06,68,Tabuk,coffee beans,Ethiopian,45,28,1260,True,252,1008
2024-09-07,73,Jeddah,coffee beans,Ethiopian,45,5,225,False,0,225
2024-09-08,54,Mecca,coffee beans,Ethiopian,45,48,2160,False,0,2160
2024-09-09,31,Jeddah,coffee beans,Guatemala,35,19,665,False,0,665
2024-09-10,38,Jeddah,coffee beans,Costa Rica,35,38,1330,True,266,1064
2024-09-11,95,Medina,coffee beans,Ethiopian,45,48,2160,False,0,2160
2024-09-12,90,Abha,coffee beans,Guatemala,35,17,595,True,119,476
2024-09-13,74,Tabuk,coffee beans,Brazilian,30,40,1200,False,0,1200
2024-09-14,9,Abha,coffee beans,Guatemala,35,46,1610,False,0,1610
2024-09-15,87,Mecca,coffee beans,Colombian,40,45,1800,True,360,1440
2024-09-16,31,Buraidah,coffee beans,Brazilian,30,27,810,False,0,810
2024-09-17,55,Tabuk,coffee beans,Colombian,40,46,1840,True,368,1472
2024-09-18,82,Abha,coffee beans,Colombian,40,40,1600,True,320,1280
2024-09-19,64,Medina,coffee beans,Costa Rica,35,34,1190,False,0,1190
2024-09-20,44,Khobar,coffee beans,Costa Rica,35,14,490,True,98,392
2024-09-21,85,Mecca,coffee beans,Costa Rica,35,42,1470,True,294,1176
2024-09-22,66,Medina,coffee beans,Colombian,40,19,760,False,0,760
2024-09-23,62,Tabuk,coffee beans,Costa Rica,35,39,1365,False,0,1365
2024-09-24,59,Medina,coffee beans,Costa Rica,35,45,1575,True,315,1260
2024-09-25,88,Mecca,coffee beans,Guatemala,35,23,805,False,0,805
2024-09-26,99,Mecca,coffee beans,Brazilian,30,5,150,False,0,150
2024-09-27,59,Tabuk,coffee beans,Brazilian,30,23,690,True,138,552
2024-09-28,11,Hail,coffee beans,Guatemala,35,29,1015,True,203,812
2024-09-29,47,Dammam,coffee beans,Colombian,40,48,1920,True,384,1536
2024-09-30,90,Buraidah,coffee beans,Ethiopian,45,42,1890,False,0,1890
2024-10-01,36,Dammam,coffee beans,Colombian,40,6,240,False,0,240
2024-10-02,61,Jeddah,coffee beans,Guatemala,35,35,1225,False,0,1225
2024-10-03,36,Khobar,coffee beans,Ethiopian,45,6,270,True,54,216
2024-10-04,68,Riyadh,coffee beans,Colombian,40,26,1040,True,208,832
2024-10-05,63,Jeddah,coffee beans,Costa Rica,35,27,945,True,189,756
2024-10-06,62,Riyadh,coffee beans,Ethiopian,45,37,1665,True,333,1332
2024-10-07,19,Tabuk,coffee beans,Brazilian,30,39,1170,False,0,1170
2024-10-08,73,Dammam,coffee beans,Costa Rica,35,36,1260,False,0,1260
2024-10-09,44,Jeddah,coffee beans,Guatemala,35,7,245,False,0,245
2024-10-10,81,Khobar,coffee beans,Ethiopian,45,44,1980,True,396,1584
2024-10-11,13,Riyadh,coffee beans,Brazilian,30,32,960,True,192,768
2024-10-12,89,Buraidah,coffee beans,Costa Rica,35,29,1015,False,0,1015
2024-10-13,45,Khobar,coffee beans,Costa Rica,35,32,1120,False,0,1120
2024-10-14,80,Hail,coffee beans,Costa Rica,35,7,245,True,49,196
2024-10-15,90,Tabuk,coffee beans,Brazilian,30,11,330,False,0,330
2024-10-16,81,Khobar,coffee beans,Ethiopian,45,27,1215,True,243,972
2024-10-17,8,Dammam,coffee beans,Costa Rica,35,1,35,True,7,28
2024-10-18,98,Dammam,coffee beans,Colombian,40,16,640,True,128,512
2024-10-19,56,Buraidah,coffee beans,Guatemala,35,8,280,False,0,280
2024-10-20,71,Medina,coffee beans,Ethiopian,45,34,1530,False,0,1530
2024-10-21,96,Riyadh,coffee beans,Ethiopian,45,21,945,False,0,945
2024-10-22,7,Hail,coffee beans,Costa Rica,35,4,140,False,0,140
2024-10-23,21,Medina,coffee beans,Costa Rica,35,5,175,True,35,140
2024-10-24,2,Medina,coffee beans,Ethiopian,45,7,315,True,63,252
2024-10-25,47,Jeddah,coffee beans,Brazilian,30,16,480,False,0,480
2024-10-26,94,Hail,coffee beans,Guatemala,35,41,1435,True,287,1148
2024-10-27,75,Buraidah,coffee beans,Brazilian,30,4,120,False,0,120
2024-10-28,1,Mecca,coffee beans,Brazilian,30,25,750,True,150,600
2024-10-29,80,Riyadh,coffee beans,Colombian,40,37,1480,True,296,1184
2024-10-30,29,Mecca,coffee beans,Ethiopian,45,19,855,True,171,684
2024-10-31,35,Hail,coffee beans,Costa Rica,35,46,1610,True,322,1288
2024-11-01,24,Dammam,coffee beans,Colombian,40,5,200,False,0,200
2024-11-02,74,Abha,coffee beans,Costa Rica,35,32,1120,False,0,1120
2024-11-03,1,Medina,coffee beans,Colombian,40,49,1960,False,0,1960
2024-11-04,46,Jeddah,coffee beans,Guatemala,35,41,1435,False,0,1435
2024-11-05,98,Abha,coffee beans,Brazilian,30,16,480,True,96,384
2024-11-06,48,Tabuk,coffee beans,Guatemala,35,44,1540,False,0,1540
2024-11-07,27,Jeddah,coffee beans,Brazilian,30,42,1260,False,0,1260
2024-11-08,11,Dammam,coffee beans,Ethiopian,45,5,225,False,0,225
2024-11-09,10,Hail,coffee beans,Guatemala,35,1,35,True,7,28
2024-11-10,66,Medina,coffee beans,Brazilian,30,11,330,True,66,264
2024-11-11,14,Jeddah,coffee beans,Colombian,40,11,440,True,88,352
2024-11-12,23,Khobar,coffee beans,Costa Rica,35,17,595,True,119,476
2024-11-13,77,Hail,coffee beans,Brazilian,30,20,600,True,120,480
2024-11-14,58,Hail,coffee beans,Guatemala,35,26,910,False,0,910
2024-11-15,82,Buraidah,coffee beans,Brazilian,30,26,780,True,156,624
2024-11-16,29,Abha,coffee beans,Brazilian,30,39,1170,True,234,936
2024-11-17,66,Medina,coffee beans,Colombian,40,14,560,False,0,560
2024-11-18,69,Abha,coffee beans,Brazilian,30,16,480,False,0,480
2024-11-19,63,Riyadh,coffee beans,Colombian,40,33,1320,False,0,1320
2024-11-20,34,Riyadh,coffee beans,Ethiopian,45,24,1080,False,0,1080
2024-11-21,6,Buraidah,coffee beans,Guatemala,35,48,1680,True,336,1344
2024-11-22,97,Medina,coffee beans,Ethiopian,45,13,585,True,117,468
2024-11-23,48,Dammam,coffee beans,Colombian,40,30,1200,True,240,960
2024-11-24,45,Hail,coffee beans,Costa Rica,35,3,105,True,21,84
2024-11-25,63,Abha,coffee beans,Costa Rica,35,20,700,False,0,700
2024-11-26,95,Hail,coffee beans,Colombian,40,23,920,True,184,736
2024-11-27,80,Buraidah,coffee beans,Colombian,40,49,1960,True,392,1568
2024-11-28,27,Jeddah,coffee beans,Costa Rica,35,8,280,False,0,280
2024-11-29,56,Mecca,coffee beans,Brazilian,30,19,570,True,114,456
2024-11-30,48,Mecca,coffee beans,Colombian,40,19,760,False,0,760
2024-12-01,39,Hail,coffee beans,Guatemala,35,15,525,False,0,525
2024-12-02,100,Dammam,coffee beans,Guatemala,35,36,1260,True,252,1008
2024-12-03,68,Riyadh,coffee beans,Costa Rica,35,7,245,True,49,196
2024-12-04,83,Abha,coffee beans,Costa Rica,35,18,630,False,0,630
2024-12-05,71,Mecca,coffee beans,Ethiopian,45,20,900,False,0,900
2024-12-06,53,Riyadh,coffee beans,Costa Rica,35,13,455,True,91,364
2024-12-07,69,Dammam,coffee beans,Colombian,40,43,1720,False,0,1720
2024-12-08,82,Medina,coffee beans,Costa Rica,35,31,1085,False,0,1085
2024-12-09,23,Medina,coffee beans,Guatemala,35,18,630,False,0,630
2024-12-10,28,Medina,coffee beans,Costa Rica,35,24,840,True,168,672
2024-12-11,25,Jeddah,coffee beans,Colombian,40,31,1240,False,0,1240
2024-12-12,81,Riyadh,coffee beans,Costa Rica,35,5,175,True,35,140
2024-12-13,57,Abha,coffee beans,Guatemala,35,20,700,False,0,700
2024-12-14,62,Medina,coffee beans,Brazilian,30,3,90,False,0,90
2024-12-15,97,Jeddah,coffee beans,Brazilian,30,35,1050,False,0,1050
2024-12-16,60,Jeddah,coffee beans,Costa Rica,35,21,735,True,147,588
2024-12-17,32,Abha,coffee beans,Costa Rica,35,45,1575,False,0,1575
2024-12-18,85,Mecca,coffee beans,Brazilian,30,43,1290,True,258,1032
2024-12-19,22,Riyadh,coffee beans,Ethiopian,45,13,585,True,117,468
2024-12-20,82,Mecca,coffee beans,Costa Rica,35,23,805,False,0,805
2024-12-21,22,Jeddah,coffee beans,Costa Rica,35,15,525,True,105,420
2024-12-22,72,Khobar,coffee beans,Colombian,40,43,1720,True,344,1376
2024-12-23,83,Jeddah,coffee beans,Brazilian,30,4,120,False,0,120
2024-12-24,49,Abha,coffee beans,Brazilian,30,28,840,False,0,840
2024-12-25,20,Hail,coffee beans,Costa Rica,35,46,1610,False,0,1610
2024-12-26,4,Hail,coffee beans,Colombian,40,26,1040,False,0,1040
2024-12-27,63,Mecca,coffee beans,Colombian,40,10,400,False,0,400
2024-12-28,39,Abha,coffee beans,Costa Rica,35,47,1645,False,0,1645
2024-12-29,57,Tabuk,coffee beans,Ethiopian,45,3,135,True,27,108
2024-12-30,50,Medina,coffee beans,Brazilian,30,33,990,True,198,792
